date,home_team,away_team,home_score,away_score,status,home_stats,away_stats
2026-02-22T18:05Z,Atlanta Braves,Minnesota Twins,1,8,Final,"[{""name"": ""hits"", ""abbreviation"": ""H"", ""displayValue"": ""9""}, {""name"": ""runs"", ""abbreviation"": ""R"", ""displayValue"": ""1""}, {""name"": ""avg"", ""abbreviation"": ""AVG"", ""displayValue"": "".265""}, {""name"": ""saves"", ""abbreviation"": ""SV"", ""displayValue"": ""0""}, {""name"": ""losses"", ""abbreviation"": ""L"", ""displayValue"": ""1""}, {""name"": ""wins"", ""abbreviation"": ""W"", ""displayValue"": ""0""}, {""name"": ""ERA"", ""abbreviation"": ""ERA"", ""displayValue"": ""8.00""}, {""name"": ""errors"", ""abbreviation"": ""E"", ""displayValue"": ""0""}]","[{""name"": ""hits"", ""abbreviation"": ""H"", ""displayValue"": ""9""}, {""name"": ""runs"", ""abbreviation"": ""R"", ""displayValue"": ""8""}, {""name"": ""avg"", ""abbreviation"": ""AVG"", ""displayValue"": "".265""}, {""name"": ""saves"", ""abbreviation"": ""SV"", ""displayValue"": ""0""}, {""name"": ""losses"", ""abbreviation"": ""L"", ""displayValue"": ""0""}, {""name"": ""wins"", ""abbreviation"": ""W"", ""displayValue"": ""1""}, {""name"": ""ERA"", ""abbreviation"": ""ERA"", ""displayValue"": ""1.00""}, {""name"": ""errors"", ""abbreviation"": ""E"", ""displayValue"": ""0""}]"
2026-02-22T18:05Z,Boston Red Sox,Toronto Blue Jays,11,10,Final,"[{""name"": ""hits"", ""abbreviation"": ""H"", ""displayValue"": ""15""}, {""name"": ""runs"", ""abbreviation"": ""R"", ""displayValue"": ""11""}, {""name"": ""avg"", ""abbreviation"": ""AVG"", ""displayValue"": "".385""}, {""name"": ""saves"", ""abbreviation"": ""SV"", ""displayValue"": ""1""}, {""name"": ""losses"", ""abbreviation"": ""L"", ""displayValue"": ""0""}, {""name"": ""wins"", ""abbreviation"": ""W"", ""displayValue"": ""1""}, {""name"": ""ERA"", ""abbreviation"": ""ERA"", ""displayValue"": ""10.00""}, {""name"": ""errors"", ""abbreviation"": ""E"", ""displayValue"": ""0""}]","[{""name"": ""hits"", ""abbreviation"": ""H"", ""displayValue"": ""14""}, {""name"": ""runs"", ""abbreviation"": ""R"", ""displayValue"": ""10""}, {""name"": ""avg"", ""abbreviation"": ""AVG"", ""displayValue"": "".368""}, {""name"": ""saves"", ""abbreviation"": ""SV"", ""displayValue"": ""0""}, {""name"": ""losses"", ""abbreviation"": ""L"", ""displayValue"": ""1""}, {""name"": ""wins"", ""abbreviation"": ""W"", ""displayValue"": ""0""}, {""name"": ""ERA"", ""abbreviation"": ""ERA"", ""displayValue"": ""7.88""}, {""name"": ""errors"", ""abbreviation"": ""E"", ""displayValue"": ""1""}]"
2026-02-22T18:05Z,Detroit Tigers,Baltimore Orioles,4,4,Final,"[{""name"": ""hits"", ""abbreviation"": ""H"", ""displayValue"": ""7""}, {""name"": ""runs"", ""abbreviation"": ""R"", ""displayValue"": ""4""}, {""name"": ""avg"", ""abbreviation"": ""AVG"", ""displayValue"": "".206""}, {""name"": ""saves"", ""abbreviation"": ""SV"", ""displayValue"": ""0""}, {""name"": ""losses"", ""abbreviation"": ""L"", ""displayValue"": ""0""}, {""name"": ""wins"", ""abbreviation"": ""W"", ""displayValue"": ""0""}, {""name"": ""ERA"", ""abbreviation"": ""ERA"", ""displayValue"": ""4.00""}, {""name"": ""errors"", ""abbreviation"": ""E"", ""displayValue"": ""1""}]","[{""name"": ""hits"", ""abbreviation"": ""H"", ""displayValue"": ""9""}, {""name"": ""runs"", ""abbreviation"": ""R"", ""displayValue"": ""4""}, {""name"": ""avg"", ""abbreviation"": ""AVG"", ""displayValue"": "".257""}, {""name"": ""saves"", ""abbreviation"": ""SV"", ""displayValue"": ""0""}, {""name"": ""losses"", ""abbreviation"": ""L"", ""displayValue"": ""0""}, {""name"": ""wins"", ""abbreviation"": ""W"", ""displayValue"": ""0""}, {""name"": ""ERA"", ""abbreviation"": ""ERA"", ""displayValue"": ""4.00""}, {""name"": ""errors"", ""abbreviation"": ""E"", ""displayValue"": ""0""}]"
2026-02-22T18:05Z,Houston Astros,St. Louis Cardinals,5,6,Final,"[{""name"": ""hits"", ""abbreviation"": ""H"", ""displayValue"": ""8""}, {""name"": ""runs"", ""abbreviation"": ""R"", ""displayValue"": ""5""}, {""name"": ""avg"", ""abbreviation"": ""AVG"", ""displayValue"": "".242""}, {""name"": ""saves"", ""abbreviation"": ""SV"", ""displayValue"": ""0""}, {""name"": ""losses"", ""abbreviation"": ""L"", ""displayValue"": ""1""}, {""name"": ""wins"", ""abbreviation"": ""W"", ""displayValue"": ""0""}, {""name"": ""ERA"", ""abbreviation"": ""ERA"", ""displayValue"": ""3.00""}, {""name"": ""errors"", ""abbreviation"": ""E"", ""displayValue"": ""2""}]","[{""name"": ""hits"", ""abbreviation"": ""H"", ""displayValue"": ""9""}, {""name"": ""runs"", ""abbreviation"": ""R"", ""displayValue"": ""6""}, {""name"": ""avg"", ""abbreviation"": ""AVG"", ""displayValue"": "".250""}, {""name"": ""saves"", ""abbreviation"": ""SV"", ""displayValue"": ""1""}, {""name"": ""losses"", ""abbreviation"": ""L"", ""displayValue"": ""0""}, {""name"": ""wins"", ""abbreviation"": ""W"", ""displayValue"": ""1""}, {""name"": ""ERA"", ""abbreviation"": ""ERA"", ""displayValue"": ""5.00""}, {""name"": ""errors"", ""abbreviation"": ""E"", ""displayValue"": ""0""}]"
2026-02-22T18:05Z,New York Yankees,New York Mets,4,6,Final,"[{""name"": ""hits"", ""abbreviation"": ""H"", ""displayValue"": ""9""}, {""name"": ""runs"", ""abbreviation"": ""R"", ""displayValue"": ""4""}, {""name"": ""avg"", ""abbreviation"": ""AVG"", ""displayValue"": "".265""}, {""name"": ""saves"", ""abbreviation"": ""SV"", ""displayValue"": ""0""}, {""name"": ""losses"", ""abbreviation"": ""L"", ""displayValue"": ""1""}, {""name"": ""wins"", ""abbreviation"": ""W"", ""displayValue"": ""0""}, {""name"": ""ERA"", ""abbreviation"": ""ERA"", ""displayValue"": ""6.00""}, {""name"": ""errors"", ""abbreviation"": ""E"", ""displayValue"": ""1""}]","[{""name"": ""hits"", ""abbreviation"": ""H"", ""displayValue"": ""11""}, {""name"": ""runs"", ""abbreviation"": ""R"", ""displayValue"": ""6""}, {""name"": ""avg"", ""abbreviation"": ""AVG"", ""displayValue"": "".289""}, {""name"": ""saves"", ""abbreviation"": ""SV"", ""displayValue"": ""1""}, {""name"": ""losses"", ""abbreviation"": ""L"", ""displayValue"": ""0""}, {""name"": ""wins"", ""abbreviation"": ""W"", ""displayValue"": ""1""}, {""name"": ""ERA"", ""abbreviation"": ""ERA"", ""displayValue"": ""4.00""}, {""name"": ""errors"", ""abbreviation"": ""E"", ""displayValue"": ""0""}]"
2026-02-22T18:05Z,Philadelphia Phillies,Pittsburgh Pirates,3,4,Final,"[{""name"": ""hits"", ""abbreviation"": ""H"", ""displayValue"": ""8""}, {""name"": ""runs"", ""abbreviation"": ""R"", ""displayValue"": ""3""}, {""name"": ""avg"", ""abbreviation"": ""AVG"", ""displayValue"": "".242""}, {""name"": ""saves"", ""abbreviation"": ""SV"", ""displayValue"": ""0""}, {""name"": ""losses"", ""abbreviation"": ""L"", ""displayValue"": ""1""}, {""name"": ""wins"", ""abbreviation"": ""W"", ""displayValue"": ""0""}, {""name"": ""ERA"", ""abbreviation"": ""ERA"", ""displayValue"": ""4.00""}, {""name"": ""errors"", ""abbreviation"": ""E"", ""displayValue"": ""0""}]","[{""name"": ""hits"", ""abbreviation"": ""H"", ""displayValue"": ""5""}, {""name"": ""runs"", ""abbreviation"": ""R"", ""displayValue"": ""4""}, {""name"": ""avg"", ""abbreviation"": ""AVG"", ""displayValue"": "".156""}, {""name"": ""saves"", ""abbreviation"": ""SV"", ""displayValue"": ""1""}, {""name"": ""losses"", ""abbreviation"": ""L"", ""displayValue"": ""0""}, {""name"": ""wins"", ""abbreviation"": ""W"", ""displayValue"": ""1""}, {""name"": ""ERA"", ""abbreviation"": ""ERA"", ""displayValue"": ""2.00""}, {""name"": ""errors"", ""abbreviation"": ""E"", ""displayValue"": ""0""}]"
2026-02-22T18:05Z,Pittsburgh Pirates,Tampa Bay Rays,7,4,Final,"[{""name"": ""hits"", ""abbreviation"": ""H"", ""displayValue"": ""10""}, {""name"": ""runs"", ""abbreviation"": ""R"", ""displayValue"": ""7""}, {""name"": ""avg"", ""abbreviation"": ""AVG"", ""displayValue"": "".286""}, {""name"": ""saves"", ""abbreviation"": ""SV"", ""displayValue"": ""1""}, {""name"": ""losses"", ""abbreviation"": ""L"", ""displayValue"": ""0""}, {""name"": ""wins"", ""abbreviation"": ""W"", ""displayValue"": ""1""}, {""name"": ""ERA"", ""abbreviation"": ""ERA"", ""displayValue"": ""4.00""}, {""name"": ""errors"", ""abbreviation"": ""E"", ""displayValue"": ""0""}]","[{""name"": ""hits"", ""abbreviation"": ""H"", ""displayValue"": ""7""}, {""name"": ""runs"", ""abbreviation"": ""R"", ""displayValue"": ""4""}, {""name"": ""avg"", ""abbreviation"": ""AVG"", ""displayValue"": "".226""}, {""name"": ""saves"", ""abbreviation"": ""SV"", ""displayValue"": ""0""}, {""name"": ""losses"", ""abbreviation"": ""L"", ""displayValue"": ""1""}, {""name"": ""wins"", ""abbreviation"": ""W"", ""displayValue"": ""0""}, {""name"": ""ERA"", ""abbreviation"": ""ERA"", ""displayValue"": ""4.50""}, {""name"": ""errors"", ""abbreviation"": ""E"", ""displayValue"": ""2""}]"
2026-02-22T18:10Z,Miami Marlins,Washington Nationals,8,16,Final,"[{""name"": ""hits"", ""abbreviation"": ""H"", ""displayValue"": ""10""}, {""name"": ""runs"", ""abbreviation"": ""R"", ""displayValue"": ""8""}, {""name"": ""avg"", ""abbreviation"": ""AVG"", ""displayValue"": "".278""}, {""name"": ""saves"", ""abbreviation"": ""SV"", ""displayValue"": ""0""}, {""name"": ""losses"", ""abbreviation"": ""L"", ""displayValue"": ""1""}, {""name"": ""wins"", ""abbreviation"": ""W"", ""displayValue"": ""0""}, {""name"": ""ERA"", ""abbreviation"": ""ERA"", ""displayValue"": ""16.00""}, {""name"": ""errors"", ""abbreviation"": ""E"", ""displayValue"": ""0""}]","[{""name"": ""hits"", ""abbreviation"": ""H"", ""displayValue"": ""14""}, {""name"": ""runs"", ""abbreviation"": ""R"", ""displayValue"": ""16""}, {""name"": ""avg"", ""abbreviation"": ""AVG"", ""displayValue"": "".359""}, {""name"": ""saves"", ""abbreviation"": ""SV"", ""displayValue"": ""0""}, {""name"": ""losses"", ""abbreviation"": ""L"", ""displayValue"": ""0""}, {""name"": ""wins"", ""abbreviation"": ""W"", ""displayValue"": ""1""}, {""name"": ""ERA"", ""abbreviation"": ""ERA"", ""displayValue"": ""8.00""}, {""name"": ""errors"", ""abbreviation"": ""E"", ""displayValue"": ""0""}]"
2026-02-22T20:05Z,Athletics,Cleveland Guardians,0,6,Final,"[{""name"": ""hits"", ""abbreviation"": ""H"", ""displayValue"": ""4""}, {""name"": ""runs"", ""abbreviation"": ""R"", ""displayValue"": ""0""}, {""name"": ""avg"", ""abbreviation"": ""AVG"", ""displayValue"": "".129""}, {""name"": ""saves"", ""abbreviation"": ""SV"", ""displayValue"": ""0""}, {""name"": ""losses"", ""abbreviation"": ""L"", ""displayValue"": ""1""}, {""name"": ""wins"", ""abbreviation"": ""W"", ""displayValue"": ""0""}, {""name"": ""ERA"", ""abbreviation"": ""ERA"", ""displayValue"": ""3.00""}, {""name"": ""errors"", ""abbreviation"": ""E"", ""displayValue"": ""2""}]","[{""name"": ""hits"", ""abbreviation"": ""H"", ""displayValue"": ""12""}, {""name"": ""runs"", ""abbreviation"": ""R"", ""displayValue"": ""6""}, {""name"": ""avg"", ""abbreviation"": ""AVG"", ""displayValue"": "".300""}, {""name"": ""saves"", ""abbreviation"": ""SV"", ""displayValue"": ""0""}, {""name"": ""losses"", ""abbreviation"": ""L"", ""displayValue"": ""0""}, {""name"": ""wins"", ""abbreviation"": ""W"", ""displayValue"": ""1""}, {""name"": ""ERA"", ""abbreviation"": ""ERA"", ""displayValue"": ""0.00""}, {""name"": ""errors"", ""abbreviation"": ""E"", ""displayValue"": ""0""}]"
2026-02-22T20:05Z,Chicago White Sox,Milwaukee Brewers,5,2,Final,"[{""name"": ""hits"", ""abbreviation"": ""H"", ""displayValue"": ""7""}, {""name"": ""runs"", ""abbreviation"": ""R"", ""displayValue"": ""5""}, {""name"": ""avg"", ""abbreviation"": ""AVG"", ""displayValue"": "".226""}, {""name"": ""saves"", ""abbreviation"": ""SV"", ""displayValue"": ""1""}, {""name"": ""losses"", ""abbreviation"": ""L"", ""displayValue"": ""0""}, {""name"": ""wins"", ""abbreviation"": ""W"", ""displayValue"": ""1""}, {""name"": ""ERA"", ""abbreviation"": ""ERA"", ""displayValue"": ""2.00""}, {""name"": ""errors"", ""abbreviation"": ""E"", ""displayValue"": ""1""}]","[{""name"": ""hits"", ""abbreviation"": ""H"", ""displayValue"": ""7""}, {""name"": ""runs"", ""abbreviation"": ""R"", ""displayValue"": ""2""}, {""name"": ""avg"", ""abbreviation"": ""AVG"", ""displayValue"": "".219""}, {""name"": ""saves"", ""abbreviation"": ""SV"", ""displayValue"": ""0""}, {""name"": ""losses"", ""abbreviation"": ""L"", ""displayValue"": ""1""}, {""name"": ""wins"", ""abbreviation"": ""W"", ""displayValue"": ""0""}, {""name"": ""ERA"", ""abbreviation"": ""ERA"", ""displayValue"": ""5.63""}, {""name"": ""errors"", ""abbreviation"": ""E"", ""displayValue"": ""1""}]"
2026-02-22T20:05Z,Cincinnati Reds,Seattle Mariners,8,14,Final,"[{""name"": ""hits"", ""abbreviation"": ""H"", ""displayValue"": ""12""}, {""name"": ""runs"", ""abbreviation"": ""R"", ""displayValue"": ""8""}, {""name"": ""avg"", ""abbreviation"": ""AVG"", ""displayValue"": "".316""}, {""name"": ""saves"", ""abbreviation"": ""SV"", ""displayValue"": ""0""}, {""name"": ""losses"", ""abbreviation"": ""L"", ""displayValue"": ""1""}, {""name"": ""wins"", ""abbreviation"": ""W"", ""displayValue"": ""0""}, {""name"": ""ERA"", ""abbreviation"": ""ERA"", ""displayValue"": ""14.00""}, {""name"": ""errors"", ""abbreviation"": ""E"", ""displayValue"": ""0""}]","[{""name"": ""hits"", ""abbreviation"": ""H"", ""displayValue"": ""17""}, {""name"": ""runs"", ""abbreviation"": ""R"", ""displayValue"": ""14""}, {""name"": ""avg"", ""abbreviation"": ""AVG"", ""displayValue"": "".395""}, {""name"": ""saves"", ""abbreviation"": ""SV"", ""displayValue"": ""0""}, {""name"": ""losses"", ""abbreviation"": ""L"", ""displayValue"": ""0""}, {""name"": ""wins"", ""abbreviation"": ""W"", ""displayValue"": ""1""}, {""name"": ""ERA"", ""abbreviation"": ""ERA"", ""displayValue"": ""8.00""}, {""name"": ""errors"", ""abbreviation"": ""E"", ""displayValue"": ""0""}]"
2026-02-22T20:05Z,San Francisco Giants,Chicago Cubs,4,2,Final,"[{""name"": ""hits"", ""abbreviation"": ""H"", ""displayValue"": ""8""}, {""name"": ""runs"", ""abbreviation"": ""R"", ""displayValue"": ""4""}, {""name"": ""avg"", ""abbreviation"": ""AVG"", ""displayValue"": "".258""}, {""name"": ""saves"", ""abbreviation"": ""SV"", ""displayValue"": ""1""}, {""name"": ""losses"", ""abbreviation"": ""L"", ""displayValue"": ""0""}, {""name"": ""wins"", ""abbreviation"": ""W"", ""displayValue"": ""1""}, {""name"": ""ERA"", ""abbreviation"": ""ERA"", ""displayValue"": ""2.00""}, {""name"": ""errors"", ""abbreviation"": ""E"", ""displayValue"": ""2""}]","[{""name"": ""hits"", ""abbreviation"": ""H"", ""displayValue"": ""9""}, {""name"": ""runs"", ""abbreviation"": ""R"", ""displayValue"": ""2""}, {""name"": ""avg"", ""abbreviation"": ""AVG"", ""displayValue"": "".290""}, {""name"": ""saves"", ""abbreviation"": ""SV"", ""displayValue"": ""0""}, {""name"": ""losses"", ""abbreviation"": ""L"", ""displayValue"": ""1""}, {""name"": ""wins"", ""abbreviation"": ""W"", ""displayValue"": ""0""}, {""name"": ""ERA"", ""abbreviation"": ""ERA"", ""displayValue"": ""4.50""}, {""name"": ""errors"", ""abbreviation"": ""E"", ""displayValue"": ""0""}]"
2026-02-22T20:05Z,Texas Rangers,Colorado Rockies,9,5,Final,"[{""name"": ""hits"", ""abbreviation"": ""H"", ""displayValue"": ""9""}, {""name"": ""runs"", ""abbreviation"": ""R"", ""displayValue"": ""9""}, {""name"": ""avg"", ""abbreviation"": ""AVG"", ""displayValue"": "".333""}, {""name"": ""saves"", ""abbreviation"": ""SV"", ""displayValue"": ""0""}, {""name"": ""losses"", ""abbreviation"": ""L"", ""displayValue"": ""0""}, {""name"": ""wins"", ""abbreviation"": ""W"", ""displayValue"": ""1""}, {""name"": ""ERA"", ""abbreviation"": ""ERA"", ""displayValue"": ""5.00""}, {""name"": ""errors"", ""abbreviation"": ""E"", ""displayValue"": ""1""}]","[{""name"": ""hits"", ""abbreviation"": ""H"", ""displayValue"": ""10""}, {""name"": ""runs"", ""abbreviation"": ""R"", ""displayValue"": ""5""}, {""name"": ""avg"", ""abbreviation"": ""AVG"", ""displayValue"": "".286""}, {""name"": ""saves"", ""abbreviation"": ""SV"", ""displayValue"": ""0""}, {""name"": ""losses"", ""abbreviation"": ""L"", ""displayValue"": ""1""}, {""name"": ""wins"", ""abbreviation"": ""W"", ""displayValue"": ""0""}, {""name"": ""ERA"", ""abbreviation"": ""ERA"", ""displayValue"": ""11.57""}, {""name"": ""errors"", ""abbreviation"": ""E"", ""displayValue"": ""0""}]"
2026-02-22T20:10Z,Arizona Diamondbacks,Los Angeles Angels,9,10,Final,"[{""name"": ""hits"", ""abbreviation"": ""H"", ""displayValue"": ""9""}, {""name"": ""runs"", ""abbreviation"": ""R"", ""displayValue"": ""9""}, {""name"": ""avg"", ""abbreviation"": ""AVG"", ""displayValue"": "".265""}, {""name"": ""saves"", ""abbreviation"": ""SV"", ""displayValue"": ""0""}, {""name"": ""losses"", ""abbreviation"": ""L"", ""displayValue"": ""1""}, {""name"": ""wins"", ""abbreviation"": ""W"", ""displayValue"": ""0""}, {""name"": ""ERA"", ""abbreviation"": ""ERA"", ""displayValue"": ""10.00""}, {""name"": ""errors"", ""abbreviation"": ""E"", ""displayValue"": ""0""}]","[{""name"": ""hits"", ""abbreviation"": ""H"", ""displayValue"": ""14""}, {""name"": ""runs"", ""abbreviation"": ""R"", ""displayValue"": ""10""}, {""name"": ""avg"", ""abbreviation"": ""AVG"", ""displayValue"": "".368""}, {""name"": ""saves"", ""abbreviation"": ""SV"", ""displayValue"": ""1""}, {""name"": ""losses"", ""abbreviation"": ""L"", ""displayValue"": ""0""}, {""name"": ""wins"", ""abbreviation"": ""W"", ""displayValue"": ""1""}, {""name"": ""ERA"", ""abbreviation"": ""ERA"", ""displayValue"": ""9.00""}, {""name"": ""errors"", ""abbreviation"": ""E"", ""displayValue"": ""0""}]"
2026-02-22T20:10Z,Milwaukee Brewers,Kansas City Royals,3,7,Final,"[{""name"": ""hits"", ""abbreviation"": ""H"", ""displayValue"": ""7""}, {""name"": ""runs"", ""abbreviation"": ""R"", ""displayValue"": ""3""}, {""name"": ""avg"", ""abbreviation"": ""AVG"", ""displayValue"": "".212""}, {""name"": ""saves"", ""abbreviation"": ""SV"", ""displayValue"": ""0""}, {""name"": ""losses"", ""abbreviation"": ""L"", ""displayValue"": ""1""}, {""name"": ""wins"", ""abbreviation"": ""W"", ""displayValue"": ""0""}, {""name"": ""ERA"", ""abbreviation"": ""ERA"", ""displayValue"": ""6.00""}, {""name"": ""errors"", ""abbreviation"": ""E"", ""displayValue"": ""1""}]","[{""name"": ""hits"", ""abbreviation"": ""H"", ""displayValue"": ""8""}, {""name"": ""runs"", ""abbreviation"": ""R"", ""displayValue"": ""7""}, {""name"": ""avg"", ""abbreviation"": ""AVG"", ""displayValue"": "".250""}, {""name"": ""saves"", ""abbreviation"": ""SV"", ""displayValue"": ""0""}, {""name"": ""losses"", ""abbreviation"": ""L"", ""displayValue"": ""0""}, {""name"": ""wins"", ""abbreviation"": ""W"", ""displayValue"": ""1""}, {""name"": ""ERA"", ""abbreviation"": ""ERA"", ""displayValue"": ""3.00""}, {""name"": ""errors"", ""abbreviation"": ""E"", ""displayValue"": ""0""}]"
2026-02-22T20:10Z,San Diego Padres,Los Angeles Dodgers,1,5,Final,"[{""name"": ""hits"", ""abbreviation"": ""H"", ""displayValue"": ""5""}, {""name"": ""runs"", ""abbreviation"": ""R"", ""displayValue"": ""1""}, {""name"": ""avg"", ""abbreviation"": ""AVG"", ""displayValue"": "".167""}, {""name"": ""saves"", ""abbreviation"": ""SV"", ""displayValue"": ""0""}, {""name"": ""losses"", ""abbreviation"": ""L"", ""displayValue"": ""1""}, {""name"": ""wins"", ""abbreviation"": ""W"", ""displayValue"": ""0""}, {""name"": ""ERA"", ""abbreviation"": ""ERA"", ""displayValue"": ""5.00""}, {""name"": ""errors"", ""abbreviation"": ""E"", ""displayValue"": ""0""}]","[{""name"": ""hits"", ""abbreviation"": ""H"", ""displayValue"": ""7""}, {""name"": ""runs"", ""abbreviation"": ""R"", ""displayValue"": ""5""}, {""name"": ""avg"", ""abbreviation"": ""AVG"", ""displayValue"": "".212""}, {""name"": ""saves"", ""abbreviation"": ""SV"", ""displayValue"": ""0""}, {""name"": ""losses"", ""abbreviation"": ""L"", ""displayValue"": ""0""}, {""name"": ""wins"", ""abbreviation"": ""W"", ""displayValue"": ""1""}, {""name"": ""ERA"", ""abbreviation"": ""ERA"", ""displayValue"": ""0.00""}, {""name"": ""errors"", ""abbreviation"": ""E"", ""displayValue"": ""1""}]"
2026-02-23T18:05Z,Baltimore Orioles,Atlanta Braves,0,0,2/23 - 1:05 PM EST,"[{""name"": ""hits"", ""abbreviation"": ""H"", ""displayValue"": ""21"", ""rankDisplayValue"": ""Tied-16th""}, {""name"": ""runs"", ""abbreviation"": ""R"", ""displayValue"": ""8"", ""rankDisplayValue"": ""Tied-21st""}, {""name"": ""avg"", ""abbreviation"": ""AVG"", ""displayValue"": "".226"", ""rankDisplayValue"": ""21st""}, {""name"": ""saves"", ""abbreviation"": ""SV"", ""displayValue"": ""1"", ""rankDisplayValue"": ""Tied-4th""}, {""name"": ""losses"", ""abbreviation"": ""L"", ""displayValue"": ""1"", ""rankDisplayValue"": ""Tied-8th""}, {""name"": ""wins"", ""abbreviation"": ""W"", ""displayValue"": ""1"", ""rankDisplayValue"": ""Tied-11th""}, {""name"": ""ERA"", ""abbreviation"": ""ERA"", ""displayValue"": ""4.00"", ""rankDisplayValue"": ""13th""}]","[{""name"": ""hits"", ""abbreviation"": ""H"", ""displayValue"": ""16"", ""rankDisplayValue"": ""Tied-20th""}, {""name"": ""runs"", ""abbreviation"": ""R"", ""displayValue"": ""6"", ""rankDisplayValue"": ""Tied-25th""}, {""name"": ""avg"", ""abbreviation"": ""AVG"", ""displayValue"": "".235"", ""rankDisplayValue"": ""Tied-18th""}, {""name"": ""saves"", ""abbreviation"": ""SV"", ""displayValue"": ""0"", ""rankDisplayValue"": ""Tied-15th""}, {""name"": ""losses"", ""abbreviation"": ""L"", ""displayValue"": ""1"", ""rankDisplayValue"": ""Tied-8th""}, {""name"": ""wins"", ""abbreviation"": ""W"", ""displayValue"": ""1"", ""rankDisplayValue"": ""Tied-11th""}, {""name"": ""ERA"", ""abbreviation"": ""ERA"", ""displayValue"": ""4.50"", ""rankDisplayValue"": ""15th""}]"
2026-02-23T18:05Z,Detroit Tigers,Minnesota Twins,0,0,2/23 - 1:05 PM EST,"[{""name"": ""hits"", ""abbreviation"": ""H"", ""displayValue"": ""12"", ""rankDisplayValue"": ""Tied-26th""}, {""name"": ""runs"", ""abbreviation"": ""R"", ""displayValue"": ""7"", ""rankDisplayValue"": ""Tied-23rd""}, {""name"": ""avg"", ""abbreviation"": ""AVG"", ""displayValue"": "".182"", ""rankDisplayValue"": ""Tied-29th""}, {""name"": ""saves"", ""abbreviation"": ""SV"", ""displayValue"": ""0"", ""rankDisplayValue"": ""Tied-15th""}, {""name"": ""losses"", ""abbreviation"": ""L"", ""displayValue"": ""1"", ""rankDisplayValue"": ""Tied-8th""}, {""name"": ""wins"", ""abbreviation"": ""W"", ""displayValue"": ""0"", ""rankDisplayValue"": ""Tied-23rd""}, {""name"": ""ERA"", ""abbreviation"": ""ERA"", ""displayValue"": ""11.65"", ""rankDisplayValue"": ""29th""}]","[{""name"": ""hits"", ""abbreviation"": ""H"", ""displayValue"": ""14"", ""rankDisplayValue"": ""24th""}, {""name"": ""runs"", ""abbreviation"": ""R"", ""displayValue"": ""10"", ""rankDisplayValue"": ""Tied-18th""}, {""name"": ""avg"", ""abbreviation"": ""AVG"", ""displayValue"": "".212"", ""rankDisplayValue"": ""23rd""}, {""name"": ""saves"", ""abbreviation"": ""SV"", ""displayValue"": ""0"", ""rankDisplayValue"": ""Tied-15th""}, {""name"": ""losses"", ""abbreviation"": ""L"", ""displayValue"": ""1"", ""rankDisplayValue"": ""Tied-8th""}, {""name"": ""wins"", ""abbreviation"": ""W"", ""displayValue"": ""1"", ""rankDisplayValue"": ""Tied-11th""}, {""name"": ""ERA"", ""abbreviation"": ""ERA"", ""displayValue"": ""3.00"", ""rankDisplayValue"": ""7th""}]"
2026-02-23T18:05Z,Pittsburgh Pirates,New York Yankees,0,0,2/23 - 1:05 PM EST,"[{""name"": ""hits"", ""abbreviation"": ""H"", ""displayValue"": ""20"", ""rankDisplayValue"": ""19th""}, {""name"": ""runs"", ""abbreviation"": ""R"", ""displayValue"": ""19"", ""rankDisplayValue"": ""Tied-6th""}, {""name"": ""avg"", ""abbreviation"": ""AVG"", ""displayValue"": "".200"", ""rankDisplayValue"": ""24th""}, {""name"": ""saves"", ""abbreviation"": ""SV"", ""displayValue"": ""2"", ""rankDisplayValue"": ""Tied-1st""}, {""name"": ""losses"", ""abbreviation"": ""L"", ""displayValue"": ""0"", ""rankDisplayValue"": ""Tied-1st""}, {""name"": ""wins"", ""abbreviation"": ""W"", ""displayValue"": ""3"", ""rankDisplayValue"": ""Tied-1st""}, {""name"": ""ERA"", ""abbreviation"": ""ERA"", ""displayValue"": ""2.33"", ""rankDisplayValue"": ""3rd""}]","[{""name"": ""hits"", ""abbreviation"": ""H"", ""displayValue"": ""30"", ""rankDisplayValue"": ""4th""}, {""name"": ""runs"", ""abbreviation"": ""R"", ""displayValue"": ""24"", ""rankDisplayValue"": ""Tied-2nd""}, {""name"": ""avg"", ""abbreviation"": ""AVG"", ""displayValue"": "".286"", ""rankDisplayValue"": ""9th""}, {""name"": ""saves"", ""abbreviation"": ""SV"", ""displayValue"": ""0"", ""rankDisplayValue"": ""Tied-15th""}, {""name"": ""losses"", ""abbreviation"": ""L"", ""displayValue"": ""2"", ""rankDisplayValue"": ""Tied-20th""}, {""name"": ""wins"", ""abbreviation"": ""W"", ""displayValue"": ""1"", ""rankDisplayValue"": ""Tied-11th""}, {""name"": ""ERA"", ""abbreviation"": ""ERA"", ""displayValue"": ""3.12"", ""rankDisplayValue"": ""8th""}]"
2026-02-23T18:05Z,St. Louis Cardinals,Miami Marlins,0,0,2/23 - 1:05 PM EST,"[{""name"": ""hits"", ""abbreviation"": ""H"", ""displayValue"": ""12"", ""rankDisplayValue"": ""Tied-26th""}, {""name"": ""runs"", ""abbreviation"": ""R"", ""displayValue"": ""8"", ""rankDisplayValue"": ""Tied-21st""}, {""name"": ""avg"", ""abbreviation"": ""AVG"", ""displayValue"": "".182"", ""rankDisplayValue"": ""Tied-29th""}, {""name"": ""saves"", ""abbreviation"": ""SV"", ""displayValue"": ""1"", ""rankDisplayValue"": ""Tied-4th""}, {""name"": ""losses"", ""abbreviation"": ""L"", ""displayValue"": ""1"", ""rankDisplayValue"": ""Tied-8th""}, {""name"": ""wins"", ""abbreviation"": ""W"", ""displayValue"": ""1"", ""rankDisplayValue"": ""Tied-11th""}, {""name"": ""ERA"", ""abbreviation"": ""ERA"", ""displayValue"": ""5.50"", ""rankDisplayValue"": ""21st""}]","[{""name"": ""hits"", ""abbreviation"": ""H"", ""displayValue"": ""12"", ""rankDisplayValue"": ""Tied-26th""}, {""name"": ""runs"", ""abbreviation"": ""R"", ""displayValue"": ""10"", ""rankDisplayValue"": ""Tied-18th""}, {""name"": ""avg"", ""abbreviation"": ""AVG"", ""displayValue"": "".188"", ""rankDisplayValue"": ""27th""}, {""name"": ""saves"", ""abbreviation"": ""SV"", ""displayValue"": ""1"", ""rankDisplayValue"": ""Tied-4th""}, {""name"": ""losses"", ""abbreviation"": ""L"", ""displayValue"": ""1"", ""rankDisplayValue"": ""Tied-8th""}, {""name"": ""wins"", ""abbreviation"": ""W"", ""displayValue"": ""1"", ""rankDisplayValue"": ""Tied-11th""}, {""name"": ""ERA"", ""abbreviation"": ""ERA"", ""displayValue"": ""8.50"", ""rankDisplayValue"": ""27th""}]"
2026-02-23T18:05Z,Tampa Bay Rays,Boston Red Sox,0,0,2/23 - 1:05 PM EST,"[{""name"": ""hits"", ""abbreviation"": ""H"", ""displayValue"": ""16"", ""rankDisplayValue"": ""Tied-20th""}, {""name"": ""runs"", ""abbreviation"": ""R"", ""displayValue"": ""5"", ""rankDisplayValue"": ""Tied-27th""}, {""name"": ""avg"", ""abbreviation"": ""AVG"", ""displayValue"": "".242"", ""rankDisplayValue"": ""16th""}, {""name"": ""saves"", ""abbreviation"": ""SV"", ""displayValue"": ""0"", ""rankDisplayValue"": ""Tied-15th""}, {""name"": ""losses"", ""abbreviation"": ""L"", ""displayValue"": ""2"", ""rankDisplayValue"": ""Tied-20th""}, {""name"": ""wins"", ""abbreviation"": ""W"", ""displayValue"": ""0"", ""rankDisplayValue"": ""Tied-23rd""}, {""name"": ""ERA"", ""abbreviation"": ""ERA"", ""displayValue"": ""4.76"", ""rankDisplayValue"": ""16th""}]","[{""name"": ""hits"", ""abbreviation"": ""H"", ""displayValue"": ""24"", ""rankDisplayValue"": ""Tied-11th""}, {""name"": ""runs"", ""abbreviation"": ""R"", ""displayValue"": ""18"", ""rankDisplayValue"": ""Tied-8th""}, {""name"": ""avg"", ""abbreviation"": ""AVG"", ""displayValue"": "".320"", ""rankDisplayValue"": ""3rd""}, {""name"": ""saves"", ""abbreviation"": ""SV"", ""displayValue"": ""2"", ""rankDisplayValue"": ""Tied-1st""}, {""name"": ""losses"", ""abbreviation"": ""L"", ""displayValue"": ""0"", ""rankDisplayValue"": ""Tied-1st""}, {""name"": ""wins"", ""abbreviation"": ""W"", ""displayValue"": ""2"", ""rankDisplayValue"": ""Tied-5th""}, {""name"": ""ERA"", ""abbreviation"": ""ERA"", ""displayValue"": ""6.00"", ""rankDisplayValue"": ""22nd""}]"
2026-02-23T18:07Z,Toronto Blue Jays,New York Mets,0,0,2/23 - 1:07 PM EST,"[{""name"": ""hits"", ""abbreviation"": ""H"", ""displayValue"": ""23"", ""rankDisplayValue"": ""Tied-14th""}, {""name"": ""runs"", ""abbreviation"": ""R"", ""displayValue"": ""13"", ""rankDisplayValue"": ""15th""}, {""name"": ""avg"", ""abbreviation"": ""AVG"", ""displayValue"": "".338"", ""rankDisplayValue"": ""2nd""}, {""name"": ""saves"", ""abbreviation"": ""SV"", ""displayValue"": ""1"", ""rankDisplayValue"": ""Tied-4th""}, {""name"": ""losses"", ""abbreviation"": ""L"", ""displayValue"": ""1"", ""rankDisplayValue"": ""Tied-8th""}, {""name"": ""wins"", ""abbreviation"": ""W"", ""displayValue"": ""1"", ""rankDisplayValue"": ""Tied-11th""}, {""name"": ""ERA"", ""abbreviation"": ""ERA"", ""displayValue"": ""3.71"", ""rankDisplayValue"": ""Tied-11th""}]","[{""name"": ""hits"", ""abbreviation"": ""H"", ""displayValue"": ""13"", ""rankDisplayValue"": ""25th""}, {""name"": ""runs"", ""abbreviation"": ""R"", ""displayValue"": ""7"", ""rankDisplayValue"": ""Tied-23rd""}, {""name"": ""avg"", ""abbreviation"": ""AVG"", ""displayValue"": "".197"", ""rankDisplayValue"": ""25th""}, {""name"": ""saves"", ""abbreviation"": ""SV"", ""displayValue"": ""1"", ""rankDisplayValue"": ""Tied-4th""}, {""name"": ""losses"", ""abbreviation"": ""L"", ""displayValue"": ""1"", ""rankDisplayValue"": ""Tied-8th""}, {""name"": ""wins"", ""abbreviation"": ""W"", ""displayValue"": ""1"", ""rankDisplayValue"": ""Tied-11th""}, {""name"": ""ERA"", ""abbreviation"": ""ERA"", ""displayValue"": ""2.50"", ""rankDisplayValue"": ""4th""}]"
2026-02-23T20:05Z,Cleveland Guardians,Arizona Diamondbacks,0,0,2/23 - 3:05 PM EST,"[{""name"": ""hits"", ""abbreviation"": ""H"", ""displayValue"": ""28"", ""rankDisplayValue"": ""5th""}, {""name"": ""runs"", ""abbreviation"": ""R"", ""displayValue"": ""19"", ""rankDisplayValue"": ""Tied-6th""}, {""name"": ""avg"", ""abbreviation"": ""AVG"", ""displayValue"": "".267"", ""rankDisplayValue"": ""11th""}, {""name"": ""saves"", ""abbreviation"": ""SV"", ""displayValue"": ""2"", ""rankDisplayValue"": ""Tied-1st""}, {""name"": ""losses"", ""abbreviation"": ""L"", ""displayValue"": ""0"", ""rankDisplayValue"": ""Tied-1st""}, {""name"": ""wins"", ""abbreviation"": ""W"", ""displayValue"": ""3"", ""rankDisplayValue"": ""Tied-1st""}, {""name"": ""ERA"", ""abbreviation"": ""ERA"", ""displayValue"": ""2.67"", ""rankDisplayValue"": ""6th""}]","[{""name"": ""hits"", ""abbreviation"": ""H"", ""displayValue"": ""24"", ""rankDisplayValue"": ""Tied-11th""}, {""name"": ""runs"", ""abbreviation"": ""R"", ""displayValue"": ""18"", ""rankDisplayValue"": ""Tied-8th""}, {""name"": ""avg"", ""abbreviation"": ""AVG"", ""displayValue"": "".229"", ""rankDisplayValue"": ""20th""}, {""name"": ""saves"", ""abbreviation"": ""SV"", ""displayValue"": ""1"", ""rankDisplayValue"": ""Tied-4th""}, {""name"": ""losses"", ""abbreviation"": ""L"", ""displayValue"": ""2"", ""rankDisplayValue"": ""Tied-20th""}, {""name"": ""wins"", ""abbreviation"": ""W"", ""displayValue"": ""1"", ""rankDisplayValue"": ""Tied-11th""}, {""name"": ""ERA"", ""abbreviation"": ""ERA"", ""displayValue"": ""7.62"", ""rankDisplayValue"": ""26th""}]"
2026-02-23T20:05Z,Kansas City Royals,Chicago Cubs,0,0,2/23 - 3:05 PM EST,"[{""name"": ""hits"", ""abbreviation"": ""H"", ""displayValue"": ""25"", ""rankDisplayValue"": ""Tied-9th""}, {""name"": ""runs"", ""abbreviation"": ""R"", ""displayValue"": ""17"", ""rankDisplayValue"": ""11th""}, {""name"": ""avg"", ""abbreviation"": ""AVG"", ""displayValue"": "".250"", ""rankDisplayValue"": ""15th""}, {""name"": ""saves"", ""abbreviation"": ""SV"", ""displayValue"": ""0"", ""rankDisplayValue"": ""Tied-15th""}, {""name"": ""losses"", ""abbreviation"": ""L"", ""displayValue"": ""1"", ""rankDisplayValue"": ""Tied-8th""}, {""name"": ""wins"", ""abbreviation"": ""W"", ""displayValue"": ""2"", ""rankDisplayValue"": ""Tied-5th""}, {""name"": ""ERA"", ""abbreviation"": ""ERA"", ""displayValue"": ""5.33"", ""rankDisplayValue"": ""19th""}]","[{""name"": ""hits"", ""abbreviation"": ""H"", ""displayValue"": ""25"", ""rankDisplayValue"": ""Tied-9th""}, {""name"": ""runs"", ""abbreviation"": ""R"", ""displayValue"": ""5"", ""rankDisplayValue"": ""Tied-27th""}, {""name"": ""avg"", ""abbreviation"": ""AVG"", ""displayValue"": "".253"", ""rankDisplayValue"": ""13th""}, {""name"": ""saves"", ""abbreviation"": ""SV"", ""displayValue"": ""0"", ""rankDisplayValue"": ""Tied-15th""}, {""name"": ""losses"", ""abbreviation"": ""L"", ""displayValue"": ""3"", ""rankDisplayValue"": ""Tied-29th""}, {""name"": ""wins"", ""abbreviation"": ""W"", ""displayValue"": ""0"", ""rankDisplayValue"": ""Tied-23rd""}, {""name"": ""ERA"", ""abbreviation"": ""ERA"", ""displayValue"": ""4.85"", ""rankDisplayValue"": ""17th""}]"
2026-02-23T20:05Z,Los Angeles Dodgers,Seattle Mariners,0,0,2/23 - 3:05 PM EST,"[{""name"": ""hits"", ""abbreviation"": ""H"", ""displayValue"": ""23"", ""rankDisplayValue"": ""Tied-14th""}, {""name"": ""runs"", ""abbreviation"": ""R"", ""displayValue"": ""20"", ""rankDisplayValue"": ""5th""}, {""name"": ""avg"", ""abbreviation"": ""AVG"", ""displayValue"": "".307"", ""rankDisplayValue"": ""4th""}, {""name"": ""saves"", ""abbreviation"": ""SV"", ""displayValue"": ""0"", ""rankDisplayValue"": ""Tied-15th""}, {""name"": ""losses"", ""abbreviation"": ""L"", ""displayValue"": ""0"", ""rankDisplayValue"": ""Tied-1st""}, {""name"": ""wins"", ""abbreviation"": ""W"", ""displayValue"": ""2"", ""rankDisplayValue"": ""Tied-5th""}, {""name"": ""ERA"", ""abbreviation"": ""ERA"", ""displayValue"": ""0.50"", ""rankDisplayValue"": ""1st""}]","[{""name"": ""hits"", ""abbreviation"": ""H"", ""displayValue"": ""39"", ""rankDisplayValue"": ""1st""}, {""name"": ""runs"", ""abbreviation"": ""R"", ""displayValue"": ""26"", ""rankDisplayValue"": ""1st""}, {""name"": ""avg"", ""abbreviation"": ""AVG"", ""displayValue"": "".342"", ""rankDisplayValue"": ""1st""}, {""name"": ""saves"", ""abbreviation"": ""SV"", ""displayValue"": ""0"", ""rankDisplayValue"": ""Tied-15th""}, {""name"": ""losses"", ""abbreviation"": ""L"", ""displayValue"": ""1"", ""rankDisplayValue"": ""Tied-8th""}, {""name"": ""wins"", ""abbreviation"": ""W"", ""displayValue"": ""2"", ""rankDisplayValue"": ""Tied-5th""}, {""name"": ""ERA"", ""abbreviation"": ""ERA"", ""displayValue"": ""7.33"", ""rankDisplayValue"": ""25th""}]"
2026-02-23T20:05Z,San Francisco Giants,Athletics,0,0,2/23 - 3:05 PM EST,"[{""name"": ""hits"", ""abbreviation"": ""H"", ""displayValue"": ""21"", ""rankDisplayValue"": ""Tied-16th""}, {""name"": ""runs"", ""abbreviation"": ""R"", ""displayValue"": ""14"", ""rankDisplayValue"": ""14th""}, {""name"": ""avg"", ""abbreviation"": ""AVG"", ""displayValue"": "".300"", ""rankDisplayValue"": ""6th""}, {""name"": ""saves"", ""abbreviation"": ""SV"", ""displayValue"": ""1"", ""rankDisplayValue"": ""Tied-4th""}, {""name"": ""losses"", ""abbreviation"": ""L"", ""displayValue"": ""0"", ""rankDisplayValue"": ""Tied-1st""}, {""name"": ""wins"", ""abbreviation"": ""W"", ""displayValue"": ""2"", ""rankDisplayValue"": ""Tied-5th""}, {""name"": ""ERA"", ""abbreviation"": ""ERA"", ""displayValue"": ""3.50"", ""rankDisplayValue"": ""10th""}]","[{""name"": ""hits"", ""abbreviation"": ""H"", ""displayValue"": ""15"", ""rankDisplayValue"": ""23rd""}, {""name"": ""runs"", ""abbreviation"": ""R"", ""displayValue"": ""2"", ""rankDisplayValue"": ""30th""}, {""name"": ""avg"", ""abbreviation"": ""AVG"", ""displayValue"": "".221"", ""rankDisplayValue"": ""22nd""}, {""name"": ""saves"", ""abbreviation"": ""SV"", ""displayValue"": ""0"", ""rankDisplayValue"": ""Tied-15th""}, {""name"": ""losses"", ""abbreviation"": ""L"", ""displayValue"": ""2"", ""rankDisplayValue"": ""Tied-20th""}, {""name"": ""wins"", ""abbreviation"": ""W"", ""displayValue"": ""0"", ""rankDisplayValue"": ""Tied-23rd""}, {""name"": ""ERA"", ""abbreviation"": ""ERA"", ""displayValue"": ""6.88"", ""rankDisplayValue"": ""24th""}]"
2026-02-23T20:10Z,Colorado Rockies,Chicago White Sox,0,0,2/23 - 3:10 PM EST,"[{""name"": ""hits"", ""abbreviation"": ""H"", ""displayValue"": ""26"", ""rankDisplayValue"": ""Tied-6th""}, {""name"": ""runs"", ""abbreviation"": ""R"", ""displayValue"": ""18"", ""rankDisplayValue"": ""Tied-8th""}, {""name"": ""avg"", ""abbreviation"": ""AVG"", ""displayValue"": "".252"", ""rankDisplayValue"": ""14th""}, {""name"": ""saves"", ""abbreviation"": ""SV"", ""displayValue"": ""0"", ""rankDisplayValue"": ""Tied-15th""}, {""name"": ""losses"", ""abbreviation"": ""L"", ""displayValue"": ""2"", ""rankDisplayValue"": ""Tied-20th""}, {""name"": ""wins"", ""abbreviation"": ""W"", ""displayValue"": ""1"", ""rankDisplayValue"": ""Tied-11th""}, {""name"": ""ERA"", ""abbreviation"": ""ERA"", ""displayValue"": ""5.40"", ""rankDisplayValue"": ""20th""}]","[{""name"": ""hits"", ""abbreviation"": ""H"", ""displayValue"": ""33"", ""rankDisplayValue"": ""2nd""}, {""name"": ""runs"", ""abbreviation"": ""R"", ""displayValue"": ""24"", ""rankDisplayValue"": ""Tied-2nd""}, {""name"": ""avg"", ""abbreviation"": ""AVG"", ""displayValue"": "".306"", ""rankDisplayValue"": ""5th""}, {""name"": ""saves"", ""abbreviation"": ""SV"", ""displayValue"": ""1"", ""rankDisplayValue"": ""Tied-4th""}, {""name"": ""losses"", ""abbreviation"": ""L"", ""displayValue"": ""0"", ""rankDisplayValue"": ""Tied-1st""}, {""name"": ""wins"", ""abbreviation"": ""W"", ""displayValue"": ""3"", ""rankDisplayValue"": ""Tied-1st""}, {""name"": ""ERA"", ""abbreviation"": ""ERA"", ""displayValue"": ""1.33"", ""rankDisplayValue"": ""2nd""}]"
2026-02-23T20:10Z,Los Angeles Angels,Texas Rangers,0,0,2/23 - 3:10 PM EST,"[{""name"": ""hits"", ""abbreviation"": ""H"", ""displayValue"": ""21"", ""rankDisplayValue"": ""Tied-16th""}, {""name"": ""runs"", ""abbreviation"": ""R"", ""displayValue"": ""12"", ""rankDisplayValue"": ""16th""}, {""name"": ""avg"", ""abbreviation"": ""AVG"", ""displayValue"": "".292"", ""rankDisplayValue"": ""7th""}, {""name"": ""saves"", ""abbreviation"": ""SV"", ""displayValue"": ""1"", ""rankDisplayValue"": ""Tied-4th""}, {""name"": ""losses"", ""abbreviation"": ""L"", ""displayValue"": ""1"", ""rankDisplayValue"": ""Tied-8th""}, {""name"": ""wins"", ""abbreviation"": ""W"", ""displayValue"": ""1"", ""rankDisplayValue"": ""Tied-11th""}, {""name"": ""ERA"", ""abbreviation"": ""ERA"", ""displayValue"": ""12.00"", ""rankDisplayValue"": ""30th""}]","[{""name"": ""hits"", ""abbreviation"": ""H"", ""displayValue"": ""26"", ""rankDisplayValue"": ""Tied-6th""}, {""name"": ""runs"", ""abbreviation"": ""R"", ""displayValue"": ""15"", ""rankDisplayValue"": ""Tied-12th""}, {""name"": ""avg"", ""abbreviation"": ""AVG"", ""displayValue"": "".271"", ""rankDisplayValue"": ""10th""}, {""name"": ""saves"", ""abbreviation"": ""SV"", ""displayValue"": ""1"", ""rankDisplayValue"": ""Tied-4th""}, {""name"": ""losses"", ""abbreviation"": ""L"", ""displayValue"": ""1"", ""rankDisplayValue"": ""Tied-8th""}, {""name"": ""wins"", ""abbreviation"": ""W"", ""displayValue"": ""2"", ""rankDisplayValue"": ""Tied-5th""}, {""name"": ""ERA"", ""abbreviation"": ""ERA"", ""displayValue"": ""4.33"", ""rankDisplayValue"": ""14th""}]"
2026-02-23T20:10Z,San Diego Padres,Milwaukee Brewers,0,0,2/23 - 3:10 PM EST,"[{""name"": ""hits"", ""abbreviation"": ""H"", ""displayValue"": ""31"", ""rankDisplayValue"": ""3rd""}, {""name"": ""runs"", ""abbreviation"": ""R"", ""displayValue"": ""15"", ""rankDisplayValue"": ""Tied-12th""}, {""name"": ""avg"", ""abbreviation"": ""AVG"", ""displayValue"": "".290"", ""rankDisplayValue"": ""8th""}, {""name"": ""saves"", ""abbreviation"": ""SV"", ""displayValue"": ""0"", ""rankDisplayValue"": ""Tied-15th""}, {""name"": ""losses"", ""abbreviation"": ""L"", ""displayValue"": ""2"", ""rankDisplayValue"": ""Tied-20th""}, {""name"": ""wins"", ""abbreviation"": ""W"", ""displayValue"": ""1"", ""rankDisplayValue"": ""Tied-11th""}, {""name"": ""ERA"", ""abbreviation"": ""ERA"", ""displayValue"": ""5.19"", ""rankDisplayValue"": ""18th""}]","[{""name"": ""hits"", ""abbreviation"": ""H"", ""displayValue"": ""24"", ""rankDisplayValue"": ""Tied-11th""}, {""name"": ""runs"", ""abbreviation"": ""R"", ""displayValue"": ""11"", ""rankDisplayValue"": ""17th""}, {""name"": ""avg"", ""abbreviation"": ""AVG"", ""displayValue"": "".238"", ""rankDisplayValue"": ""17th""}, {""name"": ""saves"", ""abbreviation"": ""SV"", ""displayValue"": ""0"", ""rankDisplayValue"": ""Tied-15th""}, {""name"": ""losses"", ""abbreviation"": ""L"", ""displayValue"": ""3"", ""rankDisplayValue"": ""Tied-29th""}, {""name"": ""wins"", ""abbreviation"": ""W"", ""displayValue"": ""0"", ""rankDisplayValue"": ""Tied-23rd""}, {""name"": ""ERA"", ""abbreviation"": ""ERA"", ""displayValue"": ""6.58"", ""rankDisplayValue"": ""23rd""}]"
2026-02-23T23:05Z,Washington Nationals,Philadelphia Phillies,0,0,2/23 - 6:05 PM EST,"[{""name"": ""hits"", ""abbreviation"": ""H"", ""displayValue"": ""26"", ""rankDisplayValue"": ""Tied-6th""}, {""name"": ""runs"", ""abbreviation"": ""R"", ""displayValue"": ""24"", ""rankDisplayValue"": ""Tied-2nd""}, {""name"": ""avg"", ""abbreviation"": ""AVG"", ""displayValue"": "".263"", ""rankDisplayValue"": ""12th""}, {""name"": ""saves"", ""abbreviation"": ""SV"", ""displayValue"": ""1"", ""rankDisplayValue"": ""Tied-4th""}, {""name"": ""losses"", ""abbreviation"": ""L"", ""displayValue"": ""0"", ""rankDisplayValue"": ""Tied-1st""}, {""name"": ""wins"", ""abbreviation"": ""W"", ""displayValue"": ""3"", ""rankDisplayValue"": ""Tied-1st""}, {""name"": ""ERA"", ""abbreviation"": ""ERA"", ""displayValue"": ""3.33"", ""rankDisplayValue"": ""9th""}]","[{""name"": ""hits"", ""abbreviation"": ""H"", ""displayValue"": ""12"", ""rankDisplayValue"": ""Tied-26th""}, {""name"": ""runs"", ""abbreviation"": ""R"", ""displayValue"": ""3"", ""rankDisplayValue"": ""29th""}, {""name"": ""avg"", ""abbreviation"": ""AVG"", ""displayValue"": "".185"", ""rankDisplayValue"": ""28th""}, {""name"": ""saves"", ""abbreviation"": ""SV"", ""displayValue"": ""0"", ""rankDisplayValue"": ""Tied-15th""}, {""name"": ""losses"", ""abbreviation"": ""L"", ""displayValue"": ""2"", ""rankDisplayValue"": ""Tied-20th""}, {""name"": ""wins"", ""abbreviation"": ""W"", ""displayValue"": ""0"", ""rankDisplayValue"": ""Tied-23rd""}, {""name"": ""ERA"", ""abbreviation"": ""ERA"", ""displayValue"": ""3.71"", ""rankDisplayValue"": ""Tied-11th""}]"
2025-02-22T18:05Z,Minnesota Twins,Atlanta Braves,3,1,Final,"[{""name"": ""hits"", ""abbreviation"": ""H"", ""displayValue"": ""5""}, {""name"": ""runs"", ""abbreviation"": ""R"", ""displayValue"": ""3""}, {""name"": ""avg"", ""abbreviation"": ""AVG"", ""displayValue"": "".179""}, {""name"": ""saves"", ""abbreviation"": ""SV"", ""displayValue"": ""1""}, {""name"": ""losses"", ""abbreviation"": ""L"", ""displayValue"": ""0""}, {""name"": ""wins"", ""abbreviation"": ""W"", ""displayValue"": ""1""}, {""name"": ""ERA"", ""abbreviation"": ""ERA"", ""displayValue"": ""1.00""}, {""name"": ""errors"", ""abbreviation"": ""E"", ""displayValue"": ""1""}]","[{""name"": ""hits"", ""abbreviation"": ""H"", ""displayValue"": ""4""}, {""name"": ""runs"", ""abbreviation"": ""R"", ""displayValue"": ""1""}, {""name"": ""avg"", ""abbreviation"": ""AVG"", ""displayValue"": "".125""}, {""name"": ""saves"", ""abbreviation"": ""SV"", ""displayValue"": ""0""}, {""name"": ""losses"", ""abbreviation"": ""L"", ""displayValue"": ""1""}, {""name"": ""wins"", ""abbreviation"": ""W"", ""displayValue"": ""0""}, {""name"": ""ERA"", ""abbreviation"": ""ERA"", ""displayValue"": ""3.38""}, {""name"": ""errors"", ""abbreviation"": ""E"", ""displayValue"": ""1""}]"
2025-02-22T18:05Z,Tampa Bay Rays,Boston Red Sox,4,6,Final,"[{""name"": ""hits"", ""abbreviation"": ""H"", ""displayValue"": ""9""}, {""name"": ""runs"", ""abbreviation"": ""R"", ""displayValue"": ""4""}, {""name"": ""avg"", ""abbreviation"": ""AVG"", ""displayValue"": "".257""}, {""name"": ""saves"", ""abbreviation"": ""SV"", ""displayValue"": ""0""}, {""name"": ""losses"", ""abbreviation"": ""L"", ""displayValue"": ""1""}, {""name"": ""wins"", ""abbreviation"": ""W"", ""displayValue"": ""0""}, {""name"": ""ERA"", ""abbreviation"": ""ERA"", ""displayValue"": ""6.00""}, {""name"": ""errors"", ""abbreviation"": ""E"", ""displayValue"": ""1""}]","[{""name"": ""hits"", ""abbreviation"": ""H"", ""displayValue"": ""7""}, {""name"": ""runs"", ""abbreviation"": ""R"", ""displayValue"": ""6""}, {""name"": ""avg"", ""abbreviation"": ""AVG"", ""displayValue"": "".200""}, {""name"": ""saves"", ""abbreviation"": ""SV"", ""displayValue"": ""0""}, {""name"": ""losses"", ""abbreviation"": ""L"", ""displayValue"": ""0""}, {""name"": ""wins"", ""abbreviation"": ""W"", ""displayValue"": ""1""}, {""name"": ""ERA"", ""abbreviation"": ""ERA"", ""displayValue"": ""4.00""}, {""name"": ""errors"", ""abbreviation"": ""E"", ""displayValue"": ""1""}]"
2025-02-22T18:05Z,Detroit Tigers,Philadelphia Phillies,7,6,Final,"[{""name"": ""hits"", ""abbreviation"": ""H"", ""displayValue"": ""12""}, {""name"": ""runs"", ""abbreviation"": ""R"", ""displayValue"": ""7""}, {""name"": ""avg"", ""abbreviation"": ""AVG"", ""displayValue"": "".316""}, {""name"": ""saves"", ""abbreviation"": ""SV"", ""displayValue"": ""0""}, {""name"": ""losses"", ""abbreviation"": ""L"", ""displayValue"": ""0""}, {""name"": ""wins"", ""abbreviation"": ""W"", ""displayValue"": ""1""}, {""name"": ""ERA"", ""abbreviation"": ""ERA"", ""displayValue"": ""6.00""}, {""name"": ""errors"", ""abbreviation"": ""E"", ""displayValue"": ""1""}]","[{""name"": ""hits"", ""abbreviation"": ""H"", ""displayValue"": ""8""}, {""name"": ""runs"", ""abbreviation"": ""R"", ""displayValue"": ""6""}, {""name"": ""avg"", ""abbreviation"": ""AVG"", ""displayValue"": "".235""}, {""name"": ""saves"", ""abbreviation"": ""SV"", ""displayValue"": ""0""}, {""name"": ""losses"", ""abbreviation"": ""L"", ""displayValue"": ""1""}, {""name"": ""wins"", ""abbreviation"": ""W"", ""displayValue"": ""0""}, {""name"": ""ERA"", ""abbreviation"": ""ERA"", ""displayValue"": ""7.88""}, {""name"": ""errors"", ""abbreviation"": ""E"", ""displayValue"": ""1""}]"
2025-02-22T18:05Z,Baltimore Orioles,Pittsburgh Pirates,5,10,Final,"[{""name"": ""hits"", ""abbreviation"": ""H"", ""displayValue"": ""7""}, {""name"": ""runs"", ""abbreviation"": ""R"", ""displayValue"": ""5""}, {""name"": ""avg"", ""abbreviation"": ""AVG"", ""displayValue"": "".212""}, {""name"": ""saves"", ""abbreviation"": ""SV"", ""displayValue"": ""0""}, {""name"": ""losses"", ""abbreviation"": ""L"", ""displayValue"": ""1""}, {""name"": ""wins"", ""abbreviation"": ""W"", ""displayValue"": ""0""}, {""name"": ""ERA"", ""abbreviation"": ""ERA"", ""displayValue"": ""10.00""}, {""name"": ""errors"", ""abbreviation"": ""E"", ""displayValue"": ""0""}]","[{""name"": ""hits"", ""abbreviation"": ""H"", ""displayValue"": ""12""}, {""name"": ""runs"", ""abbreviation"": ""R"", ""displayValue"": ""10""}, {""name"": ""avg"", ""abbreviation"": ""AVG"", ""displayValue"": "".308""}, {""name"": ""saves"", ""abbreviation"": ""SV"", ""displayValue"": ""0""}, {""name"": ""losses"", ""abbreviation"": ""L"", ""displayValue"": ""0""}, {""name"": ""wins"", ""abbreviation"": ""W"", ""displayValue"": ""1""}, {""name"": ""ERA"", ""abbreviation"": ""ERA"", ""displayValue"": ""4.00""}, {""name"": ""errors"", ""abbreviation"": ""E"", ""displayValue"": ""1""}]"
2025-02-22T18:05Z,Houston Astros,Washington Nationals,3,6,Final,"[{""name"": ""hits"", ""abbreviation"": ""H"", ""displayValue"": ""2""}, {""name"": ""runs"", ""abbreviation"": ""R"", ""displayValue"": ""3""}, {""name"": ""avg"", ""abbreviation"": ""AVG"", ""displayValue"": "".074""}, {""name"": ""saves"", ""abbreviation"": ""SV"", ""displayValue"": ""0""}, {""name"": ""losses"", ""abbreviation"": ""L"", ""displayValue"": ""1""}, {""name"": ""wins"", ""abbreviation"": ""W"", ""displayValue"": ""0""}, {""name"": ""ERA"", ""abbreviation"": ""ERA"", ""displayValue"": ""6.00""}, {""name"": ""errors"", ""abbreviation"": ""E"", ""displayValue"": ""0""}]","[{""name"": ""hits"", ""abbreviation"": ""H"", ""displayValue"": ""8""}, {""name"": ""runs"", ""abbreviation"": ""R"", ""displayValue"": ""6""}, {""name"": ""avg"", ""abbreviation"": ""AVG"", ""displayValue"": "".235""}, {""name"": ""saves"", ""abbreviation"": ""SV"", ""displayValue"": ""1""}, {""name"": ""losses"", ""abbreviation"": ""L"", ""displayValue"": ""0""}, {""name"": ""wins"", ""abbreviation"": ""W"", ""displayValue"": ""1""}, {""name"": ""ERA"", ""abbreviation"": ""ERA"", ""displayValue"": ""3.00""}, {""name"": ""errors"", ""abbreviation"": ""E"", ""displayValue"": ""0""}]"
2025-02-22T18:07Z,Toronto Blue Jays,New York Yankees,6,4,Final,"[{""name"": ""hits"", ""abbreviation"": ""H"", ""displayValue"": ""9""}, {""name"": ""runs"", ""abbreviation"": ""R"", ""displayValue"": ""6""}, {""name"": ""avg"", ""abbreviation"": ""AVG"", ""displayValue"": "".273""}, {""name"": ""saves"", ""abbreviation"": ""SV"", ""displayValue"": ""0""}, {""name"": ""losses"", ""abbreviation"": ""L"", ""displayValue"": ""0""}, {""name"": ""wins"", ""abbreviation"": ""W"", ""displayValue"": ""1""}, {""name"": ""ERA"", ""abbreviation"": ""ERA"", ""displayValue"": ""4.00""}, {""name"": ""errors"", ""abbreviation"": ""E"", ""displayValue"": ""0""}]","[{""name"": ""hits"", ""abbreviation"": ""H"", ""displayValue"": ""10""}, {""name"": ""runs"", ""abbreviation"": ""R"", ""displayValue"": ""4""}, {""name"": ""avg"", ""abbreviation"": ""AVG"", ""displayValue"": "".270""}, {""name"": ""saves"", ""abbreviation"": ""SV"", ""displayValue"": ""0""}, {""name"": ""losses"", ""abbreviation"": ""L"", ""displayValue"": ""1""}, {""name"": ""wins"", ""abbreviation"": ""W"", ""displayValue"": ""0""}, {""name"": ""ERA"", ""abbreviation"": ""ERA"", ""displayValue"": ""4.50""}, {""name"": ""errors"", ""abbreviation"": ""E"", ""displayValue"": ""2""}]"
2025-02-22T18:10Z,New York Mets,Houston Astros,6,2,Final,"[{""name"": ""hits"", ""abbreviation"": ""H"", ""displayValue"": ""10""}, {""name"": ""runs"", ""abbreviation"": ""R"", ""displayValue"": ""6""}, {""name"": ""avg"", ""abbreviation"": ""AVG"", ""displayValue"": "".303""}, {""name"": ""saves"", ""abbreviation"": ""SV"", ""displayValue"": ""0""}, {""name"": ""losses"", ""abbreviation"": ""L"", ""displayValue"": ""0""}, {""name"": ""wins"", ""abbreviation"": ""W"", ""displayValue"": ""1""}, {""name"": ""ERA"", ""abbreviation"": ""ERA"", ""displayValue"": ""2.00""}, {""name"": ""errors"", ""abbreviation"": ""E"", ""displayValue"": ""0""}]","[{""name"": ""hits"", ""abbreviation"": ""H"", ""displayValue"": ""4""}, {""name"": ""runs"", ""abbreviation"": ""R"", ""displayValue"": ""2""}, {""name"": ""avg"", ""abbreviation"": ""AVG"", ""displayValue"": "".138""}, {""name"": ""saves"", ""abbreviation"": ""SV"", ""displayValue"": ""0""}, {""name"": ""losses"", ""abbreviation"": ""L"", ""displayValue"": ""1""}, {""name"": ""wins"", ""abbreviation"": ""W"", ""displayValue"": ""0""}, {""name"": ""ERA"", ""abbreviation"": ""ERA"", ""displayValue"": ""4.50""}, {""name"": ""errors"", ""abbreviation"": ""E"", ""displayValue"": ""1""}]"
2025-02-22T18:10Z,Miami Marlins,St. Louis Cardinals,7,6,Final,"[{""name"": ""hits"", ""abbreviation"": ""H"", ""displayValue"": ""8""}, {""name"": ""runs"", ""abbreviation"": ""R"", ""displayValue"": ""7""}, {""name"": ""avg"", ""abbreviation"": ""AVG"", ""displayValue"": "".258""}, {""name"": ""saves"", ""abbreviation"": ""SV"", ""displayValue"": ""1""}, {""name"": ""losses"", ""abbreviation"": ""L"", ""displayValue"": ""0""}, {""name"": ""wins"", ""abbreviation"": ""W"", ""displayValue"": ""1""}, {""name"": ""ERA"", ""abbreviation"": ""ERA"", ""displayValue"": ""6.00""}, {""name"": ""errors"", ""abbreviation"": ""E"", ""displayValue"": ""0""}]","[{""name"": ""hits"", ""abbreviation"": ""H"", ""displayValue"": ""3""}, {""name"": ""runs"", ""abbreviation"": ""R"", ""displayValue"": ""5""}, {""name"": ""avg"", ""abbreviation"": ""AVG"", ""displayValue"": "".111""}, {""name"": ""saves"", ""abbreviation"": ""SV"", ""displayValue"": ""0""}, {""name"": ""losses"", ""abbreviation"": ""L"", ""displayValue"": ""1""}, {""name"": ""wins"", ""abbreviation"": ""W"", ""displayValue"": ""0""}, {""name"": ""ERA"", ""abbreviation"": ""ERA"", ""displayValue"": ""7.88""}, {""name"": ""errors"", ""abbreviation"": ""E"", ""displayValue"": ""1""}]"
2025-02-22T20:05Z,Chicago Cubs,Chicago White Sox,7,3,Final,"[{""name"": ""hits"", ""abbreviation"": ""H"", ""displayValue"": ""9""}, {""name"": ""runs"", ""abbreviation"": ""R"", ""displayValue"": ""7""}, {""name"": ""avg"", ""abbreviation"": ""AVG"", ""displayValue"": "".281""}, {""name"": ""saves"", ""abbreviation"": ""SV"", ""displayValue"": ""0""}, {""name"": ""losses"", ""abbreviation"": ""L"", ""displayValue"": ""0""}, {""name"": ""wins"", ""abbreviation"": ""W"", ""displayValue"": ""1""}, {""name"": ""ERA"", ""abbreviation"": ""ERA"", ""displayValue"": ""3.00""}, {""name"": ""errors"", ""abbreviation"": ""E"", ""displayValue"": ""1""}]","[{""name"": ""hits"", ""abbreviation"": ""H"", ""displayValue"": ""8""}, {""name"": ""runs"", ""abbreviation"": ""R"", ""displayValue"": ""3""}, {""name"": ""avg"", ""abbreviation"": ""AVG"", ""displayValue"": "".229""}, {""name"": ""saves"", ""abbreviation"": ""SV"", ""displayValue"": ""0""}, {""name"": ""losses"", ""abbreviation"": ""L"", ""displayValue"": ""1""}, {""name"": ""wins"", ""abbreviation"": ""W"", ""displayValue"": ""0""}, {""name"": ""ERA"", ""abbreviation"": ""ERA"", ""displayValue"": ""7.88""}, {""name"": ""errors"", ""abbreviation"": ""E"", ""displayValue"": ""1""}]"
2025-02-22T20:05Z,Cincinnati Reds,Cleveland Guardians,6,3,Final,"[{""name"": ""hits"", ""abbreviation"": ""H"", ""displayValue"": ""5""}, {""name"": ""runs"", ""abbreviation"": ""R"", ""displayValue"": ""6""}, {""name"": ""avg"", ""abbreviation"": ""AVG"", ""displayValue"": "".172""}, {""name"": ""saves"", ""abbreviation"": ""SV"", ""displayValue"": ""0""}, {""name"": ""losses"", ""abbreviation"": ""L"", ""displayValue"": ""0""}, {""name"": ""wins"", ""abbreviation"": ""W"", ""displayValue"": ""1""}, {""name"": ""ERA"", ""abbreviation"": ""ERA"", ""displayValue"": ""3.00""}, {""name"": ""errors"", ""abbreviation"": ""E"", ""displayValue"": ""0""}]","[{""name"": ""hits"", ""abbreviation"": ""H"", ""displayValue"": ""9""}, {""name"": ""runs"", ""abbreviation"": ""R"", ""displayValue"": ""3""}, {""name"": ""avg"", ""abbreviation"": ""AVG"", ""displayValue"": "".281""}, {""name"": ""saves"", ""abbreviation"": ""SV"", ""displayValue"": ""0""}, {""name"": ""losses"", ""abbreviation"": ""L"", ""displayValue"": ""1""}, {""name"": ""wins"", ""abbreviation"": ""W"", ""displayValue"": ""0""}, {""name"": ""ERA"", ""abbreviation"": ""ERA"", ""displayValue"": ""4.50""}, {""name"": ""errors"", ""abbreviation"": ""E"", ""displayValue"": ""2""}]"
2025-02-22T20:05Z,Los Angeles Dodgers,Kansas City Royals,10,11,Final,"[{""name"": ""hits"", ""abbreviation"": ""H"", ""displayValue"": ""10""}, {""name"": ""runs"", ""abbreviation"": ""R"", ""displayValue"": ""10""}, {""name"": ""avg"", ""abbreviation"": ""AVG"", ""displayValue"": "".270""}, {""name"": ""saves"", ""abbreviation"": ""SV"", ""displayValue"": ""0""}, {""name"": ""losses"", ""abbreviation"": ""L"", ""displayValue"": ""1""}, {""name"": ""wins"", ""abbreviation"": ""W"", ""displayValue"": ""0""}, {""name"": ""ERA"", ""abbreviation"": ""ERA"", ""displayValue"": ""11.00""}, {""name"": ""errors"", ""abbreviation"": ""E"", ""displayValue"": ""2""}]","[{""name"": ""hits"", ""abbreviation"": ""H"", ""displayValue"": ""11""}, {""name"": ""runs"", ""abbreviation"": ""R"", ""displayValue"": ""11""}, {""name"": ""avg"", ""abbreviation"": ""AVG"", ""displayValue"": "".297""}, {""name"": ""saves"", ""abbreviation"": ""SV"", ""displayValue"": ""1""}, {""name"": ""losses"", ""abbreviation"": ""L"", ""displayValue"": ""0""}, {""name"": ""wins"", ""abbreviation"": ""W"", ""displayValue"": ""1""}, {""name"": ""ERA"", ""abbreviation"": ""ERA"", ""displayValue"": ""10.00""}, {""name"": ""errors"", ""abbreviation"": ""E"", ""displayValue"": ""0""}]"
2025-02-22T20:05Z,Texas Rangers,San Francisco Giants,1,6,Final,"[{""name"": ""hits"", ""abbreviation"": ""H"", ""displayValue"": ""4""}, {""name"": ""runs"", ""abbreviation"": ""R"", ""displayValue"": ""1""}, {""name"": ""avg"", ""abbreviation"": ""AVG"", ""displayValue"": "".129""}, {""name"": ""saves"", ""abbreviation"": ""SV"", ""displayValue"": ""0""}, {""name"": ""losses"", ""abbreviation"": ""L"", ""displayValue"": ""1""}, {""name"": ""wins"", ""abbreviation"": ""W"", ""displayValue"": ""0""}, {""name"": ""ERA"", ""abbreviation"": ""ERA"", ""displayValue"": ""6.00""}, {""name"": ""errors"", ""abbreviation"": ""E"", ""displayValue"": ""0""}]","[{""name"": ""hits"", ""abbreviation"": ""H"", ""displayValue"": ""11""}, {""name"": ""runs"", ""abbreviation"": ""R"", ""displayValue"": ""6""}, {""name"": ""avg"", ""abbreviation"": ""AVG"", ""displayValue"": "".297""}, {""name"": ""saves"", ""abbreviation"": ""SV"", ""displayValue"": ""0""}, {""name"": ""losses"", ""abbreviation"": ""L"", ""displayValue"": ""0""}, {""name"": ""wins"", ""abbreviation"": ""W"", ""displayValue"": ""1""}, {""name"": ""ERA"", ""abbreviation"": ""ERA"", ""displayValue"": ""1.00""}, {""name"": ""errors"", ""abbreviation"": ""E"", ""displayValue"": ""0""}]"
2025-02-22T20:10Z,Colorado Rockies,Arizona Diamondbacks,9,3,Final,"[{""name"": ""hits"", ""abbreviation"": ""H"", ""displayValue"": ""8""}, {""name"": ""runs"", ""abbreviation"": ""R"", ""displayValue"": ""9""}, {""name"": ""avg"", ""abbreviation"": ""AVG"", ""displayValue"": "".250""}, {""name"": ""saves"", ""abbreviation"": ""SV"", ""displayValue"": ""0""}, {""name"": ""losses"", ""abbreviation"": ""L"", ""displayValue"": ""0""}, {""name"": ""wins"", ""abbreviation"": ""W"", ""displayValue"": ""1""}, {""name"": ""ERA"", ""abbreviation"": ""ERA"", ""displayValue"": ""2.00""}, {""name"": ""errors"", ""abbreviation"": ""E"", ""displayValue"": ""1""}]","[{""name"": ""hits"", ""abbreviation"": ""H"", ""displayValue"": ""3""}, {""name"": ""runs"", ""abbreviation"": ""R"", ""displayValue"": ""3""}, {""name"": ""avg"", ""abbreviation"": ""AVG"", ""displayValue"": "".107""}, {""name"": ""saves"", ""abbreviation"": ""SV"", ""displayValue"": ""0""}, {""name"": ""losses"", ""abbreviation"": ""L"", ""displayValue"": ""1""}, {""name"": ""wins"", ""abbreviation"": ""W"", ""displayValue"": ""0""}, {""name"": ""ERA"", ""abbreviation"": ""ERA"", ""displayValue"": ""9.00""}, {""name"": ""errors"", ""abbreviation"": ""E"", ""displayValue"": ""1""}]"
2025-02-22T20:10Z,San Diego Padres,Athletics,10,3,Final,"[{""name"": ""hits"", ""abbreviation"": ""H"", ""displayValue"": ""13""}, {""name"": ""runs"", ""abbreviation"": ""R"", ""displayValue"": ""10""}, {""name"": ""avg"", ""abbreviation"": ""AVG"", ""displayValue"": "".351""}, {""name"": ""saves"", ""abbreviation"": ""SV"", ""displayValue"": ""0""}, {""name"": ""losses"", ""abbreviation"": ""L"", ""displayValue"": ""0""}, {""name"": ""wins"", ""abbreviation"": ""W"", ""displayValue"": ""1""}, {""name"": ""ERA"", ""abbreviation"": ""ERA"", ""displayValue"": ""3.00""}, {""name"": ""errors"", ""abbreviation"": ""E"", ""displayValue"": ""1""}]","[{""name"": ""hits"", ""abbreviation"": ""H"", ""displayValue"": ""6""}, {""name"": ""runs"", ""abbreviation"": ""R"", ""displayValue"": ""3""}, {""name"": ""avg"", ""abbreviation"": ""AVG"", ""displayValue"": "".182""}, {""name"": ""saves"", ""abbreviation"": ""SV"", ""displayValue"": ""0""}, {""name"": ""losses"", ""abbreviation"": ""L"", ""displayValue"": ""1""}, {""name"": ""wins"", ""abbreviation"": ""W"", ""displayValue"": ""0""}, {""name"": ""ERA"", ""abbreviation"": ""ERA"", ""displayValue"": ""11.25""}, {""name"": ""errors"", ""abbreviation"": ""E"", ""displayValue"": ""1""}]"
2025-02-22T20:10Z,Milwaukee Brewers,Cincinnati Reds,8,7,Final,"[{""name"": ""hits"", ""abbreviation"": ""H"", ""displayValue"": ""10""}, {""name"": ""runs"", ""abbreviation"": ""R"", ""displayValue"": ""8""}, {""name"": ""avg"", ""abbreviation"": ""AVG"", ""displayValue"": "".278""}, {""name"": ""saves"", ""abbreviation"": ""SV"", ""displayValue"": ""0""}, {""name"": ""losses"", ""abbreviation"": ""L"", ""displayValue"": ""0""}, {""name"": ""wins"", ""abbreviation"": ""W"", ""displayValue"": ""1""}, {""name"": ""ERA"", ""abbreviation"": ""ERA"", ""displayValue"": ""7.00""}, {""name"": ""errors"", ""abbreviation"": ""E"", ""displayValue"": ""1""}]","[{""name"": ""hits"", ""abbreviation"": ""H"", ""displayValue"": ""8""}, {""name"": ""runs"", ""abbreviation"": ""R"", ""displayValue"": ""7""}, {""name"": ""avg"", ""abbreviation"": ""AVG"", ""displayValue"": "".229""}, {""name"": ""saves"", ""abbreviation"": ""SV"", ""displayValue"": ""0""}, {""name"": ""losses"", ""abbreviation"": ""L"", ""displayValue"": ""1""}, {""name"": ""wins"", ""abbreviation"": ""W"", ""displayValue"": ""0""}, {""name"": ""ERA"", ""abbreviation"": ""ERA"", ""displayValue"": ""8.31""}, {""name"": ""errors"", ""abbreviation"": ""E"", ""displayValue"": ""0""}]"
2025-02-22T20:10Z,Los Angeles Angels,Seattle Mariners,11,10,Final,"[{""name"": ""hits"", ""abbreviation"": ""H"", ""displayValue"": ""14""}, {""name"": ""runs"", ""abbreviation"": ""R"", ""displayValue"": ""11""}, {""name"": ""avg"", ""abbreviation"": ""AVG"", ""displayValue"": "".359""}, {""name"": ""saves"", ""abbreviation"": ""SV"", ""displayValue"": ""0""}, {""name"": ""losses"", ""abbreviation"": ""L"", ""displayValue"": ""0""}, {""name"": ""wins"", ""abbreviation"": ""W"", ""displayValue"": ""1""}, {""name"": ""ERA"", ""abbreviation"": ""ERA"", ""displayValue"": ""9.00""}, {""name"": ""errors"", ""abbreviation"": ""E"", ""displayValue"": ""2""}]","[{""name"": ""hits"", ""abbreviation"": ""H"", ""displayValue"": ""11""}, {""name"": ""runs"", ""abbreviation"": ""R"", ""displayValue"": ""10""}, {""name"": ""avg"", ""abbreviation"": ""AVG"", ""displayValue"": "".306""}, {""name"": ""saves"", ""abbreviation"": ""SV"", ""displayValue"": ""0""}, {""name"": ""losses"", ""abbreviation"": ""L"", ""displayValue"": ""1""}, {""name"": ""wins"", ""abbreviation"": ""W"", ""displayValue"": ""0""}, {""name"": ""ERA"", ""abbreviation"": ""ERA"", ""displayValue"": ""10.38""}, {""name"": ""errors"", ""abbreviation"": ""E"", ""displayValue"": ""4""}]"
